studentId,firstName,lastName,age,subject,examScore,attendancePercentage,grade,scholarshipEligible
S10001,John,Doe,20,MATH,89.5,85.0,B,true
S10002,Jane,Smith,22,SCIENCE,92.0,90.0,A,true
S10003,Bob,Johnson,19,ENGLISH,75.0,80.0,C,false
S10004,Alice,Williams,21,ARTS,88.0,95.0,B,true
S10005,Charlie,Brown,23,,68.5,70.0,D,false
S10006,Emily,Davis,20,,94.0,98.0,A,true
S10007,Michael,Miller,22,,81.5,82.0,B,false
S10008,Lily,Moore,21,,84.0,88.0,B,true
S10009,James,Taylor,20,HISTORY,90.0,92.0,A,true
S10010,Sophia,Anderson,19,ENGLISH,78.0,85.0,C,false
S10011,William,Thomas,22,SCIENCE,85.5,87.0,B,false
S10012,Olivia,Jackson,21,MATH,91.0,93.0,A,true
S10013,Liam,White,20,ENGLISH,80.0,80.0,C,false
S10014,Isabella,Martinez,23,HISTORY,87.5,90.0,B,true
S10015,Lucas,Garcia,21,ARTS,,98.5,A,true
