playerId,nickname,realName,age,gameCategory,winRate,accuracy,ranking,prizeEligible
P10001,ShadowNinja,John Doe,23,FPS,0.85,95.5,A,true
P10002,DragonSlayer,Jane Smith,29,MOBA,0.78,88.0,B,true
P10003,QuickShot,Alice Johnson,19,FPS,0.92,92.3,A,true
P10004,KingOfAces,Bob Brown,34,STRATEGY,0.65,75.0,C,false
P10005,GoalGetter,Charlie Davis,27,SPORTS,0.88,90.1,B,true
P10006,MysticMage,Eve White,22,RPG,0.73,80.5,C,true
P10007,StealthAssassin,Frank Black,30,FPS,0.81,85.0,B,true
P10008,BlazeWizard,Grace Lee,25,MOBA,0.90,93.7,A,true
P10009,TheStrategist,Hank Green,40,STRATEGY,0.60,70.0,D,false
P10010,SoccerStar,Ivy King,21,,,97.0,A,true