vehicleId,vehicleName,vehicleType,fuelType,vehicleStatus,engineCapacity,mileage,manufacturingYear,lastServiced,isElectric,vehicleRank,vehicleAge
V10001,Toyota Camry,SEDAN,GASOLINE,ACTIVE,2.5,100000,2015,2023-06-15,false,A,10
V10002,Ford Explorer,SUV,DIESEL,INACTIVE,3.5,85000,2018,2022-05-10,true,B,7
V10003,Chevrolet Silverado,TRUCK,GASOLINE,UNDER_MAINTENANCE,5.0,120000,2016,2023-02-01,false,C,9
V10004,Tesla Model S,SEDAN,ELECTRIC,ACTIVE,0.0,45000,2020,2023-01-20,true,A,5
V10005,Honda Accord,COUPE,GASOLINE,SOLD,2.4,140000,2014,2021-07-25,false,D,11
