classId,classTitle,instructorName,classFormat,classCategory,classDurationInMinutes,maxParticipants,currentParticipants,isAvailableOnline,classRank
F10001,Yoga Basics,Anna White,IN_PERSON,YOGA,60,20,15,true,A
F10002,Power Pilates,John Doe,ONLINE,PILATES,45,30,25,false,B
F10003,Strength Training,Emily Green,IN_PERSON,CARDIO,60,25,20,true,A
F10004,Zumba Fun,David Brown,ONLINE,CARDIO,50,35,30,true,C
F10005,Yoga Flow,Sarah Smith,IN_PERSON,YOGA,70,15,10,false,B
F10006,Advanced Pilates,Michael Lee,ONLINE,PILATES,45,20,20,true,A
F10007,Cardio Kickboxing,Jessica Jones,IN_PERSON,CARDIO,50,40,35,true,C
F10008,Strength and Conditioning,James White,IN_PERSON,STRENGTH,60,15,12,false,A
F10009,HIIT Training,Olivia Davis,ONLINE,CARDIO,30,25,20,true,B
F10010,Flexibility and Balance,Mia Wilson,IN_PERSON,YOGA,60,30,28,false,C
