crewId,name,realName,age,roleCategory,missionSuccessRate,accuracy,ranking,eligibleForPromotion
C10001,John Doe,Johnathan Doe,35,COMMANDER,95.5,98.5,A,true
C10002,Jane Smith,Jane Elizabeth Smith,28,PILOT,89.0,92.3,B,false
C10003,Alice Johnson,Alice Marie Johnson,42,ENGINEER,78.5,85.0,C,true
C10004,Bob Brown,Robert Brown,22,SCIENTIST,65.0,70.5,D,false
C10005,Charlie Davis,Charles Davis,30,MEDIC,88.0,91.0,A,true
C10006,Eve White,Evelyn White,19,engineer,50.0,60.0,F,false
C10007,,Grace Lee,25,COMMANDER,,75.0,E,true
C10008,Frank Miller,Franklin Miller,17,PILOT,90.0,95.0,A,false
C10009,Hannah Green,Hannah Marie Green,29,ENGINEER,80.0,85.0,B,maybe
C10010,Ivy Carter,Ivy Rose Carter,33,scientist,70.0,80.0,C,true